{
  "_generated": "Generated by SweetTooth, do not edit",
  "data-dir": "drawOnYourScreen",
  "description": "",
  "gettext-domain": "draw-on-your-screen",
  "name": "Draw On You Screen",
  "persistent-file-name": "persistent",
  "settings-schema": "org.gnome.shell.extensions.draw-on-your-screen",
  "shell-version": [
    "3.24",
    "3.26",
    "3.28",
    "3.30",
    "3.34",
    "3.32",
    "3.36",
    "3.38"
  ],
  "svg-file-name": "DrawOnYourScreen",
  "url": "",
  "uuid": "drawOnYourScreen@abakkk.framagit.org",
  "version": 11
}