{
  "_generated": "Generated by SweetTooth, do not edit",
  "description": "Numlock and Capslock status on the panel. Icons are auto hidden. Simplified with no menus, notifications or settings.\n\nWayland is only supported for Gnome Shell 3.38.",
  "name": "Lock Keys",
  "original-authors": "Steve Clark, Kazimieras Vaina, Pierre Ossman, erguille, jonnius, Philipp Wolfer, Mariusz Lisowski, Cristian Beroiza, warmsun0220, Rasmus Kaj, Pablo Martin-Gomez Bouska",
  "shell-version": [
    "3.22",
    "3.24",
    "3.26",
    "3.28",
    "3.30",
    "3.34",
    "3.32",
    "3.36",
    "3.38",
    "40",
    "41",
    "42"
  ],
  "url": "",
  "uuid": "lockkeys@fawtytoo",
  "version": 14
}