{
  "_generated": "Generated by SweetTooth, do not edit",
  "description": "A Gnome shell interface for todo.txt. \n\nTodo.txt is a future-proof syntax for tasks (not made by me), for more info: http://todotxt.com/\n\nSome examples:\nTask: Basic task\n(A) Task: High priority task\nTask @project +context: Task is part of project and has a certain context\nx 2013-08-22 Task: Task was completed on the 22nd of August\n\nFor more info about the syntax: https://github.com/ginatrapani/todo.txt-cli/wiki/The-Todo.txt-Format\n\nQuick start:\nWhen you first enable the extension, chances are high you'll see a [X] in your top panel. If you click the [X], you will be able to choose between creating the necessary files automatically or selecting your own existing files to be used with the extension.\n\nPlease use the issue tracker on the homepage to report bugs and/or file feature requests, this makes tracking easier for me. Thanks!\n\nSee the included CHANGELOG.md for info about changes between different versions, or see it online: https://gitlab.com/bartl/todo-txt-gnome-shell-extension/raw/master/CHANGELOG.md",
  "name": "Todo.txt",
  "shell-version": [
    "41",
    "42"
  ],
  "url": "https://gitlab.com/bartl/todo-txt-gnome-shell-extension",
  "uuid": "todo.txt@bart.libert.gmail.com",
  "version": 37
}